Content,Hashtags,Image URL,Author,Post URL
"is one of the Best 

 with 

. providing data science course in hyderabad with real-time Projects with highly skilled and certified trainers. Enroll for a Free Demo. Call us: - +91-9989971070.
Visit:https://lnkd.in/dAt4Mgiq
Visit: https://lnkd.in/eBEF-Kk8
Join Us Whatsapp : https://lnkd.in/dxAqtrwb","#VisualpathPro, #datascience, #generativeaicourse",,,https://www.linkedin.com/feed/hashtag/?keywords=visualpathpro&highlightedUpdateUrns=urn%3Ali%3Aactivity%3A7254420962857639936
"Popular data science tools include Python and R for coding, Jupyter and Google Colab for notebooks, TensorFlow and PyTorch for machine learning, Tableau and Power BI for visualization, SQL for databases, and Apache Spark for big data processing.",,,,No URL
"Hi Everyone,

I‚Äôve just finished writing a new blog: ""8 Laptop Requirements for Data Scientists [Complete Guide]"" 

Picking the right laptop is super important for anyone working in data science. In this guide, I‚Äôve broken down the key things to look for, like:

‚û°Ô∏è The best processor and RAM options
‚û°Ô∏è How much storage you really need
‚û°Ô∏è Why graphics matter
‚û°Ô∏è Battery life for long work sessions
‚û°Ô∏è And more!

If you're looking for a laptop or just curious about what to consider, this guide will help! üòä

Feel free to check it out and share your thoughts! üëá","#AI, #Laptops, #DataScience, #MachineLearning",,,https://www.linkedin.com/feed/hashtag/?keywords=datascience&highlightedUpdateUrns=urn%3Ali%3Aactivity%3A7254350969163980801
"is one of the Best 

 with 

. providing data science course in hyderabad with real-time Projects with highly skilled and certified trainers. Enroll for a Free Demo. Call us: - +91-9989971070.
Visit:https://lnkd.in/dAt4Mgiq
Visit: https://lnkd.in/eBEF-Kk8
Join Us Whatsapp : https://lnkd.in/dxAqtrwb","#VisualpathPro, #datascience, #generativeaicourse",,,https://www.linkedin.com/feed/hashtag/?keywords=visualpathpro&highlightedUpdateUrns=urn%3Ali%3Aactivity%3A7254420962857639936
"Popular data science tools include Python and R for coding, Jupyter and Google Colab for notebooks, TensorFlow and PyTorch for machine learning, Tableau and Power BI for visualization, SQL for databases, and Apache Spark for big data processing.",,,,No URL
